,Image_URL
0,https://www.facebook.com/tr?id=218520420041521&ev=PageView&noscript=1
1,https://www.orange.lu/static/version1726647444/frontend/Olu/default/default/images/logo-orange.svg
2,"https://www.orange.lu/media/catalog/product/i/p/iphone_16_pro_black_titanium_back.png?quality=80&bg-color=255,255,255&fit=bounds&height=400&width=200&canvas=200:400&format=jpeg"
3,https://www.orange.lu/media/cache/catalog/product/s/t/45x45/sticker_etoile_noir_4_8.png
4,"https://www.orange.lu/media/catalog/product/i/p/iphone_16_pro_max_black_titanium_back.png?quality=80&bg-color=255,255,255&fit=bounds&height=400&width=200&canvas=200:400&format=jpeg"
5,https://www.orange.lu/media/cache/catalog/product/s/t/45x45/sticker_etoile_noir_4_7.png
6,"https://www.orange.lu/media/catalog/product/i/p/iphone_16_black.png?quality=80&bg-color=255,255,255&fit=bounds&height=400&width=200&canvas=200:400&format=jpeg"
7,https://www.orange.lu/media/cache/catalog/product/s/t/45x45/sticker_etoile_noir_4_5.png
8,"https://www.orange.lu/media/catalog/product/i/p/iphone_16_plus_black.png?quality=80&bg-color=255,255,255&fit=bounds&height=400&width=200&canvas=200:400&format=jpeg"
9,https://www.orange.lu/media/cache/catalog/product/s/t/45x45/sticker_etoile_noir_4_6.png
10,"https://www.orange.lu/media/catalog/product/i/p/iphone_15_pro_black_front_1000x2000_1.png?quality=80&bg-color=255,255,255&fit=bounds&height=400&width=200&canvas=200:400&format=jpeg"
11,"https://www.orange.lu/media/catalog/product/i/p/iphone_15_pro_black_front_1000x2000.png?quality=80&bg-color=255,255,255&fit=bounds&height=400&width=200&canvas=200:400&format=jpeg"
12,"https://www.orange.lu/media/catalog/product/i/p/iphone_15_black_front_1000x2000__6.jpg?quality=80&bg-color=255,255,255&fit=bounds&height=400&width=200&canvas=200:400"
13,"https://www.orange.lu/media/catalog/product/i/p/iphone_15_black_front_1000x2000_.png?quality=80&bg-color=255,255,255&fit=bounds&height=400&width=200&canvas=200:400&format=jpeg"
14,"https://www.orange.lu/media/catalog/product/i/p/iphone13_re_1000x200_1.png?quality=80&bg-color=255,255,255&fit=bounds&height=400&width=200&canvas=200:400&format=jpeg"
15,"https://www.orange.lu/media/catalog/product/i/p/iphone_12_noir_re_en_1.png?quality=80&bg-color=255,255,255&fit=bounds&height=400&width=200&canvas=200:400&format=jpeg"
16,"https://www.orange.lu/media/catalog/product/a/p/apple_iphone_11_back_face_refurbished_en.png?quality=80&bg-color=255,255,255&fit=bounds&height=400&width=200&canvas=200:400&format=jpeg"
17,"https://www.orange.lu/media/catalog/product/a/p/apple_iphone_14_bleu_face.png?quality=80&bg-color=255,255,255&fit=bounds&height=400&width=200&canvas=200:400&format=jpeg"
18,"https://www.orange.lu/media/catalog/product/i/p/iphone_se_noir_re_en_1.png?quality=80&bg-color=255,255,255&fit=bounds&height=400&width=200&canvas=200:400&format=jpeg"
19,"https://www.orange.lu/media/catalog/product/a/p/apple_iphone_13_rose_face.jpg?quality=80&bg-color=255,255,255&fit=bounds&height=400&width=200&canvas=200:400"
20,"https://www.orange.lu/media/catalog/product/a/p/apple-iphone-se-5g-noir-face_4_1.png?quality=80&bg-color=255,255,255&fit=bounds&height=400&width=200&canvas=200:400&format=jpeg"
21,https://www.orange.lu/media/catalog/bottom_link/default/Livechat_2.svg
22,https://www.orange.lu/media/catalog/bottom_link/default/Store_locator_19371.svg
23,https://www.orange.lu/media/catalog/bottom_link/default/Top_up_Mobile.svg
24,https://www.orange.lu/media/catalog/bottom_link/default/Collective_class_training.svg
25,https://www.orange.lu/media/catalog/bottom_link/default/Business-advisor.svg
